date,title,url
" posted at Nov 08, 2018",【Python】Python入門①【Pythonって何？】,/dmm7txk2/items/03e2ebb089ce93d35bab
" posted at Oct 05, 2018",Make Python code with Python,/SatoshiTerasaki/items/992ff92d03b250be3417
" posted at Sep 27, 2018",python,/toripiyo/items/ce275c49e6128522033d
" posted at Aug 05, 2018",[python] pythonのキュー（queue）,/wifecooky/items/07baf07a7eebf2dad7bd
" posted at Jan 15, 2019",[Python]Pythonでジュリア集合を描く,/Y_F_Acoustics/items/93d26291df20231e9aea
" posted at Nov 10, 2018",【Python】Python入門②【変数について】,/dmm7txk2/items/061da81c63a9d2296f9d
" posted at Mar 13, 2016",[Python]PythonでPCAを行う方法,/supersaiakujin/items/138c0d8e6511735f1f45
" posted at Sep 11, 2018",「Python」超初心者としてPythonデビュー,/lmzh17/items/647b737160b37311f1dd
" posted at Oct 13, 2017",# Python,/yukkubot@github/items/04c7f7a76a954366f0e6
" posted at Feb 19, 2019",python: getattr,/nabenabe0928/items/255b571c62c1b1d69ad4
" posted at Jun 26, 2018",【備忘録】Python,/yuji38kwmt/items/9cf4263d5f01f9dd8398
" posted at Oct 19, 2018",vscode python,/frobre/items/fc675d7ad5b47267efa5
" posted at Oct 28, 2018",Python anaconda,/Pentas/items/db9ce28e4e5956c63987
" posted at Dec 02, 2018",pythonパッケージ,/kdkks2014/items/f63e651fdbb8aabbd7de
" posted at Feb 11, 2019",Pythonチートシート,/miminashi/items/78e702f901908af712d5
" posted at Oct 24, 2018",Python SQL,/kaizen_nagoya/items/7592c0c205acff17f999
" posted at Jun 06, 2018","Python - Zip , Unzip File with python 3",/hengsokvisal/items/91016439d69b96f9988a
" posted at Nov 09, 2018",Python ウォーミングアップ,/maskot1977/items/e91f68bfb99a8f1c3ea2
" posted at Apr 25, 2018",[pythonメモ] pythonでテストサーバー起動,/s-ishimaru/items/4795d803075e4b67b343
" posted at Oct 21, 2018",Python学習,/nanananako/items/6873c77a7612e3d716aa
" posted at Jul 22, 2018",Python 基礎,/kevin7125639/items/19430ff8187d151ab3a5
" posted at Oct 04, 2018","python,golang",/aeleniumfor/items/3631903d7ef09c2db288
" posted at Jan 06, 2019",[Python] python-iptablesに入門してみた,/homines22/items/3aa91d2a0fc2f331106d
" posted at Jun 28, 2018",Python | random,/katsuyatsukui/items/53e6090423744bf47678
" posted at Sep 10, 2017",python環境準備(python3+vscode)について,/PureViewMMAV/items/b2ec64a6a03f50cd820f
" posted at Mar 12, 2018",Python・Python3のインストール先、パス等確認,/sebeckawamura/items/f5d85f4a7049d92b6c85
" posted at Jun 24, 2018",python property,/Sylba2050/items/d6f23ac13a0cc5da0c17
" posted at Jul 06, 2016",【Python】Pythonの時間・時刻の取り扱い,/stokes/items/891d53d805291c6feca4
" posted at Apr 10, 2018",Pythonメモ,/Rainbow/items/e8eeefa40e5fd400f209
" posted at Oct 16, 2018",Python with Docker : Pythonもくもく会　@2018/10/16,/yukikaze/items/5c4868f71c841a1cc9de
" posted at Jan 04, 2015",Python基礎講座(3 Pythonの実行),/Usek/items/fba0991e224a1cdea274
" posted at Sep 23, 2018",Python環境構築手順 CentOS7 Python3.6.5 Python2.7.5,/Tsutomu_eng/items/d8cd1c4270f3f54d333e
" posted at Nov 04, 2018",【Python】Anacondaのインストール、Python、Jupyter Notebookの確認,/yut-nagase/items/ebac4a430d2fd251ef53
" posted at Sep 06, 2018",Power BI × Pythonで日本語ワードクラウド ～Pythonビジュアル編～,/hirondine36/items/4a3bbc3c20a0fff21532
" posted at Mar 22, 2018",超軽量、超高速な配布用Python「embeddable python」,/mm_sys/items/1fd3a50a930dac3db299
" posted at Sep 27, 2018",Pythonには、Pythonの立場がある,/hiratarich/items/6ea3df131e3879fc96ad
" posted at Sep 25, 2018",PythonでやるML Cycle1: Pythonに慣れる,/kenji-kondo/items/44cf2f764c8facb9ae3b
" posted at Mar 02, 2016",[Python]PythonでOpenCVを使う (画像変形編),/supersaiakujin/items/3a2ac4f2b05de584cb11
" posted at Feb 11, 2018",python リスト,/divaco5/items/303095c8dbbb11c4b926
" posted at Jan 06, 2019",Pythonで多項式フィッティング,/illumination-k/items/8c754967d0f00d46ce60
" posted at Jan 06, 2019",[Python] ModuleNotFoundError解決方法,/homines22/items/c43e564811466bf088e7
" posted at Jan 07, 2019",Pythonで時間計測,/bf77/items/0915b29011a834001a91
" posted at Nov 29, 2018",python環境構築について,/ZLt33/items/775c9a689c84ee626e1e
" posted at Nov 29, 2018",Python でクロージャ,/ryos36/items/d649182631a59172b11c
" posted at Dec 12, 2018",Python画像処理,/git-Ktu/items/8140ae6b2e3d2bfe4ed9
" posted at Dec 17, 2018",【Python】トピックモデル（LDA）,/kenta1984/items/b08d5caeed6ed9c8abf1
" posted at Feb 15, 2019",python インデント　質問　emacs,/sirogami/items/e6c3cc71fa67f05f1284
" posted at Nov 13, 2018",pythonではじめるGroup Lasso,/AnchorBlues/items/4e50d3b98a40c8b3086e
" posted at Jan 31, 2017",データサイエンス・チートシート(Python),/SaitoTsutomu/items/6d1efbc86d6e0468905e
" posted at Nov 27, 2018",【Python】レトロゲームエンジンPyxel,/Kazuhito/items/3b3a942cbb5adf46549d
" posted at Jan 03, 2019",PythonでSQLite,/kawa-Kotaro/items/9933f56abd53a09826d9
" posted at Mar 13, 2016",Python programing note,/h-imaoka/items/11cc6ecf877e8c8770a8
" posted at May 27, 2018",python3でfizzbuzz,/ochim/items/a1acb59da258a0d2d8a0
" posted at Dec 14, 2018",Python + Django でCRUD,/t-iguchi/items/2f30ccb27e3f93b6bc72
" posted at Jan 25, 2019",Pythonで日付取得,/toypool/items/bc57ea70a7f17d52d62d
" posted at Oct 12, 2017",馬鹿の一つ覚え: Python,/glires/items/9d436fe3eddc38faea92
" posted at Jan 20, 2019",Python SQL規約チェック,/kawagucchi_suzuki/items/2656481c180b71ba04cb
" posted at Dec 19, 2018",PythonによるSelenium Tips,/Wisteria30/items/8657ad676d4e6cc59a5c
" posted at Feb 04, 2019",Python 環境構築,/yutapon988/items/c7dac938abf5799b2aad
" posted at Dec 08, 2018",python スクレイピング 　ページング,/mazu/items/77db19ca2caf128cc062
" posted at Feb 14, 2019",Pythonでオセロ,/klattimia/items/0f9dd41da83a68aa6d0f
" posted at Dec 13, 2018",python de 競技プログラミング,/hahho/items/dcf482d43bc29ebfb53c
" posted at Feb 06, 2019",python + selenium入門,/studio_haneya/items/00ef4ad32b85163f95f1
" posted at Feb 15, 2019",Pythonのサンプル集,/Esfahan/items/e33aa8daf39a2c883eb4
" posted at Feb 03, 2019",OpenCV入門(python)-(1),/tom_sakaguchi/items/b85aee14f34dcc856e54
" posted at Nov 29, 2018",インスタンスとは (python),/msk02/items/60ea1bd5824fca134323
" posted at Feb 08, 2019",【Python】フラクショナルカスケーディング実装,/nariaki3551/items/3c5e59b3ece31a4dfce8
" posted at Nov 30, 2018",python3 クローリング&スクレイピング,/penguin222/items/6a30d026ede2e822e245
" posted at Feb 16, 2019",【Python】さようなら仮想環境？,/tamago324/items/a224fd63d1fed2938792
" posted at Nov 29, 2018",python環境構築について,/ZLt33/items/775c9a689c84ee626e1e
" posted at Nov 29, 2018",Python でクロージャ,/ryos36/items/d649182631a59172b11c
" posted at Dec 12, 2018",Python画像処理,/git-Ktu/items/8140ae6b2e3d2bfe4ed9
" posted at Jan 07, 2019",Pythonで時間計測,/bf77/items/0915b29011a834001a91
" posted at Dec 17, 2018",【Python】トピックモデル（LDA）,/kenta1984/items/b08d5caeed6ed9c8abf1
" posted at Jan 06, 2019",[Python] ModuleNotFoundError解決方法,/homines22/items/c43e564811466bf088e7
" posted at Jan 06, 2019",Pythonで多項式フィッティング,/illumination-k/items/8c754967d0f00d46ce60
" posted at Nov 13, 2018",pythonではじめるGroup Lasso,/AnchorBlues/items/4e50d3b98a40c8b3086e
" posted at Nov 27, 2018",【Python】レトロゲームエンジンPyxel,/Kazuhito/items/3b3a942cbb5adf46549d
" posted at Jan 31, 2017",データサイエンス・チートシート(Python),/SaitoTsutomu/items/6d1efbc86d6e0468905e
" posted at Jan 07, 2019",Python でいろいろスクレイピング,/sand/items/f2466320c8dde905cb3b
" posted at Nov 30, 2018",Python で FPGA,/ryos36/items/270bfc1bd0cc88bc7704
" posted at Feb 12, 2019",python入門(4)~リスト~,/6ONsNMCaB3FzaKa/items/38fe9859788c6cd6720b
" posted at Feb 16, 2019",python入門(6)~集合~,/6ONsNMCaB3FzaKa/items/d2e951af250ecf4162f3
" posted at Feb 15, 2019",python インデント　質問　emacs,/sirogami/items/e6c3cc71fa67f05f1284
" posted at Dec 08, 2018",Pythonで競技プログラミング,/knakajima3027/items/b871631b8997a6d67223
" posted at Jul 11, 2015",Python Requestsモジュールについて,/hththt/items/14bfc2bf23192b020371
" posted at Feb 19, 2019",pythonのproperty機能,/nabenabe0928/items/91f61878c84e01621b08
" posted at Jun 23, 2016",Python Django チュートリアルまとめ,/maisuto/items/17653f344d1f64afa019
" posted at Dec 05, 2018",Python 環境構築いろいろ,/yniji/items/b1b20211846a5a9f189b
" posted at Apr 22, 2018",Python命名規則一覧,/naomi7325/items/4eb1d2a40277361e898b
" posted at Feb 15, 2019",Pythonのサンプル集,/Esfahan/items/e33aa8daf39a2c883eb4
" posted at Dec 08, 2018",python スクレイピング 　ページング,/mazu/items/77db19ca2caf128cc062
" posted at Feb 04, 2019",Python 環境構築,/yutapon988/items/c7dac938abf5799b2aad
" posted at Feb 06, 2019",python + selenium入門,/studio_haneya/items/00ef4ad32b85163f95f1
" posted at Feb 14, 2019",Pythonでオセロ,/klattimia/items/0f9dd41da83a68aa6d0f
" posted at Dec 13, 2018",python de 競技プログラミング,/hahho/items/dcf482d43bc29ebfb53c
" posted at Nov 30, 2018",python3 クローリング&スクレイピング,/penguin222/items/6a30d026ede2e822e245
" posted at Feb 16, 2019",【Python】さようなら仮想環境？,/tamago324/items/a224fd63d1fed2938792
" posted at Nov 28, 2016",Pythonでさくっとエクセルファイルの作成 #python,/flatfisher/items/56f59be577601e362917
" posted at Jan 16, 2018",Python入門,/luohao0404/items/daf76ee0fe25ace07ce7
" posted at Oct 24, 2018",PythonでVISA,/tamura23/items/cebaae35f1ed15d1d1fd
" posted at Sep 19, 2018",[Python] pandas データ加工,/hikaru_/items/4c92734070ab05d65bce
" posted at Mar 23, 2018",Python ノウハウ,/Monday1226/items/9ea9744706c589e9a28e
" posted at Aug 28, 2017",kafka python,/kwi/items/01f544f3b0ef2194fb68
" posted at Apr 29, 2018",Python2とPython3の違い（初心者向け）-1,/ty21ky/items/e5ce2fd04c2ef07955a1
" posted at Nov 18, 2018",pythonでヒストグラム作成,/klklklkl063055/items/b1e83775a64735e4d1b5
" posted at Mar 31, 2018",【Python】myPythonHacks,/HirotakaK/items/c34b7f880f88849ab113
" posted at Nov 17, 2018",データ分析Pythonオレオレチートシート,/k_kinoshita0104/items/9c0b0d20d14e6241184e
" posted at Oct 18, 2018",【Python】pickle読み書き,/Qiitaman/items/ce7519798a3c6b6e0e8d
" posted at Jan 04, 2015",Python基礎講座(2 Pythonのインストール),/Usek/items/1acf10f7e302810463a9
