tag,title,url
"Python,入門,基本",【Python】Python入門①【Pythonって何？】,/dmm7txk2/items/03e2ebb089ce93d35bab
"Python3,ポエム",Make Python code with Python,/SatoshiTerasaki/items/992ff92d03b250be3417
Python,python,/toripiyo/items/ce275c49e6128522033d
"Python,queue,deque",[python] pythonのキュー（queue）,/wifecooky/items/07baf07a7eebf2dad7bd
"Python,Python3",[Python]Pythonでジュリア集合を描く,/Y_F_Acoustics/items/93d26291df20231e9aea
"Python,入門,基本",【Python】Python入門②【変数について】,/dmm7txk2/items/061da81c63a9d2296f9d
"Python,scikit-learn",[Python]PythonでPCAを行う方法,/supersaiakujin/items/138c0d8e6511735f1f45
"Python,超初心者,入門,初心者",「Python」超初心者としてPythonデビュー,/lmzh17/items/647b737160b37311f1dd
PostgreSQL,# Python,/yukkubot@github/items/04c7f7a76a954366f0e6
Python,python: getattr,/nabenabe0928/items/255b571c62c1b1d69ad4
"Python,備忘録,Pycharm,pandas",【備忘録】Python,/yuji38kwmt/items/9cf4263d5f01f9dd8398
"VSCode,Python,VisualStudioCode",vscode python,/frobre/items/fc675d7ad5b47267efa5
Python,Python anaconda,/Pentas/items/db9ce28e4e5956c63987
Python,pythonパッケージ,/kdkks2014/items/f63e651fdbb8aabbd7de
Python,Pythonチートシート,/miminashi/items/78e702f901908af712d5
"Python,SQL",Python SQL,/kaizen_nagoya/items/7592c0c205acff17f999
Python,"Python - Zip , Unzip File with python 3",/hengsokvisal/items/91016439d69b96f9988a
"Python,Jupyter",Python ウォーミングアップ,/maskot1977/items/e91f68bfb99a8f1c3ea2
Python,[pythonメモ] pythonでテストサーバー起動,/s-ishimaru/items/4795d803075e4b67b343
勉強用メモ,Python学習,/nanananako/items/6873c77a7612e3d716aa
Python,Python 基礎,/kevin7125639/items/19430ff8187d151ab3a5
"Python,Go","python,golang",/aeleniumfor/items/3631903d7ef09c2db288
"Python,Python3,iptables",[Python] python-iptablesに入門してみた,/homines22/items/3aa91d2a0fc2f331106d
Python,Python | random,/katsuyatsukui/items/53e6090423744bf47678
"Python3,VSCode,venv",python環境準備(python3+vscode)について,/PureViewMMAV/items/b2ec64a6a03f50cd820f
"Python,Python3",Python・Python3のインストール先、パス等確認,/sebeckawamura/items/f5d85f4a7049d92b6c85
"Python,Python3",python property,/Sylba2050/items/d6f23ac13a0cc5da0c17
"Python3,pandas",【Python】Pythonの時間・時刻の取り扱い,/stokes/items/891d53d805291c6feca4
Python,Pythonメモ,/Rainbow/items/e8eeefa40e5fd400f209
"Python,docker",Python with Docker : Pythonもくもく会　@2018/10/16,/yukikaze/items/5c4868f71c841a1cc9de
Python,Python基礎講座(3 Pythonの実行),/Usek/items/fba0991e224a1cdea274
"Python,さくらVPS,Python3,python2.7",Python環境構築手順 CentOS7 Python3.6.5 Python2.7.5,/Tsutomu_eng/items/d8cd1c4270f3f54d333e
"Python,Anaconda",【Python】Anacondaのインストール、Python、Jupyter Notebookの確認,/yut-nagase/items/ebac4a430d2fd251ef53
"PowerBI,Python,wordcloud",Power BI × Pythonで日本語ワードクラウド ～Pythonビジュアル編～,/hirondine36/items/4a3bbc3c20a0fff21532
"Python,Python3",超軽量、超高速な配布用Python「embeddable python」,/mm_sys/items/1fd3a50a930dac3db299
"Python,Hacker",Pythonには、Pythonの立場がある,/hiratarich/items/6ea3df131e3879fc96ad
"Python,機械学習",PythonでやるML Cycle1: Pythonに慣れる,/kenji-kondo/items/44cf2f764c8facb9ae3b
"Python,OpenCV",[Python]PythonでOpenCVを使う (画像変形編),/supersaiakujin/items/3a2ac4f2b05de584cb11
"Python3,Pycharm",python リスト,/divaco5/items/303095c8dbbb11c4b926
"Python,多項式近似",Pythonで多項式フィッティング,/illumination-k/items/8c754967d0f00d46ce60
"Python,Python3",[Python] ModuleNotFoundError解決方法,/homines22/items/c43e564811466bf088e7
Python,Pythonで時間計測,/bf77/items/0915b29011a834001a91
"python3.6,Anaconda,pyenv",python環境構築について,/ZLt33/items/775c9a689c84ee626e1e
Python,Python でクロージャ,/ryos36/items/d649182631a59172b11c
"Python,pillow",Python画像処理,/git-Ktu/items/8140ae6b2e3d2bfe4ed9
"Python,トピックモデル,LDA,機械学習",【Python】トピックモデル（LDA）,/kenta1984/items/b08d5caeed6ed9c8abf1
"Python3,Python,Emacs",python インデント　質問　emacs,/sirogami/items/e6c3cc71fa67f05f1284
"Python,lasso,MachineLearning,機械学習",pythonではじめるGroup Lasso,/AnchorBlues/items/4e50d3b98a40c8b3086e
"Python,データ分析,チートシート",データサイエンス・チートシート(Python),/SaitoTsutomu/items/6d1efbc86d6e0468905e
"Python,Pyxel,ゲーム制作",【Python】レトロゲームエンジンPyxel,/Kazuhito/items/3b3a942cbb5adf46549d
"Python3,SQLite3",PythonでSQLite,/kawa-Kotaro/items/9933f56abd53a09826d9
Python,Python programing note,/h-imaoka/items/11cc6ecf877e8c8770a8
"Python,Python3",python3でfizzbuzz,/ochim/items/a1acb59da258a0d2d8a0
"Python,Django",Python + Django でCRUD,/t-iguchi/items/2f30ccb27e3f93b6bc72
"Python,datetime",Pythonで日付取得,/toypool/items/bc57ea70a7f17d52d62d
Python,馬鹿の一つ覚え: Python,/glires/items/9d436fe3eddc38faea92
"Python,正規表現",Python SQL規約チェック,/kawagucchi_suzuki/items/2656481c180b71ba04cb
"Python,Selenium",PythonによるSelenium Tips,/Wisteria30/items/8657ad676d4e6cc59a5c
"Python,pip,Jupyter",Python 環境構築,/yutapon988/items/c7dac938abf5799b2aad
"Python,scraping,正規表現,最短マッチ",python スクレイピング 　ページング,/mazu/items/77db19ca2caf128cc062
"Python,ビット演算",Pythonでオセロ,/klattimia/items/0f9dd41da83a68aa6d0f
"Python3,numpy,AtCoder",python de 競技プログラミング,/hahho/items/dcf482d43bc29ebfb53c
"Python,Selenium",python + selenium入門,/studio_haneya/items/00ef4ad32b85163f95f1
Python,Pythonのサンプル集,/Esfahan/items/e33aa8daf39a2c883eb4
"OpenCV,Python,初心者",OpenCV入門(python)-(1),/tom_sakaguchi/items/b85aee14f34dcc856e54
"Python,Instance,class",インスタンスとは (python),/msk02/items/60ea1bd5824fca134323
"Python,2次元点探索,fractional,cascading",【Python】フラクショナルカスケーディング実装,/nariaki3551/items/3c5e59b3ece31a4dfce8
Python3,python3 クローリング&スクレイピング,/penguin222/items/6a30d026ede2e822e245
"Python,Python3,pip,Pipenv,virtualenv",【Python】さようなら仮想環境？,/tamago324/items/a224fd63d1fed2938792
"python3.6,Anaconda,pyenv",python環境構築について,/ZLt33/items/775c9a689c84ee626e1e
Python,Python でクロージャ,/ryos36/items/d649182631a59172b11c
"Python,pillow",Python画像処理,/git-Ktu/items/8140ae6b2e3d2bfe4ed9
Python,Pythonで時間計測,/bf77/items/0915b29011a834001a91
"Python,トピックモデル,LDA,機械学習",【Python】トピックモデル（LDA）,/kenta1984/items/b08d5caeed6ed9c8abf1
"Python,Python3",[Python] ModuleNotFoundError解決方法,/homines22/items/c43e564811466bf088e7
"Python,多項式近似",Pythonで多項式フィッティング,/illumination-k/items/8c754967d0f00d46ce60
"Python,lasso,MachineLearning,機械学習",pythonではじめるGroup Lasso,/AnchorBlues/items/4e50d3b98a40c8b3086e
"Python,Pyxel,ゲーム制作",【Python】レトロゲームエンジンPyxel,/Kazuhito/items/3b3a942cbb5adf46549d
"Python,データ分析,チートシート",データサイエンス・チートシート(Python),/SaitoTsutomu/items/6d1efbc86d6e0468905e
"Python,Twitter",Python でいろいろスクレイピング,/sand/items/f2466320c8dde905cb3b
"Python,Polyphony",Python で FPGA,/ryos36/items/270bfc1bd0cc88bc7704
"Python,Python3",python入門(4)~リスト~,/6ONsNMCaB3FzaKa/items/38fe9859788c6cd6720b
"Python,Python3",python入門(6)~集合~,/6ONsNMCaB3FzaKa/items/d2e951af250ecf4162f3
"Python3,Python,Emacs",python インデント　質問　emacs,/sirogami/items/e6c3cc71fa67f05f1284
"Python,競技プログラミング,AtCoder,新人プログラマ応援",Pythonで競技プログラミング,/knakajima3027/items/b871631b8997a6d67223
python2.7,Python Requestsモジュールについて,/hththt/items/14bfc2bf23192b020371
Python,pythonのproperty機能,/nabenabe0928/items/91f61878c84e01621b08
"Python,Django",Python Django チュートリアルまとめ,/maisuto/items/17653f344d1f64afa019
"Python,Anaconda,virtualenv,pyenv,環境構築",Python 環境構築いろいろ,/yniji/items/b1b20211846a5a9f189b
"コーディング規約,命名規則,Python",Python命名規則一覧,/naomi7325/items/4eb1d2a40277361e898b
Python,Pythonのサンプル集,/Esfahan/items/e33aa8daf39a2c883eb4
"Python,scraping,正規表現,最短マッチ",python スクレイピング 　ページング,/mazu/items/77db19ca2caf128cc062
"Python,pip,Jupyter",Python 環境構築,/yutapon988/items/c7dac938abf5799b2aad
"Python,Selenium",python + selenium入門,/studio_haneya/items/00ef4ad32b85163f95f1
"Python,ビット演算",Pythonでオセロ,/klattimia/items/0f9dd41da83a68aa6d0f
"Python3,numpy,AtCoder",python de 競技プログラミング,/hahho/items/dcf482d43bc29ebfb53c
Python3,python3 クローリング&スクレイピング,/penguin222/items/6a30d026ede2e822e245
"Python,Python3,pip,Pipenv,virtualenv",【Python】さようなら仮想環境？,/tamago324/items/a224fd63d1fed2938792
Python,Pythonでさくっとエクセルファイルの作成 #python,/flatfisher/items/56f59be577601e362917
Python,Python入門,/luohao0404/items/daf76ee0fe25ace07ce7
"Python,keysight,pyVISA",PythonでVISA,/tamura23/items/cebaae35f1ed15d1d1fd
"Python,pandas",[Python] pandas データ加工,/hikaru_/items/4c92734070ab05d65bce
Python,Python ノウハウ,/Monday1226/items/9ea9744706c589e9a28e
"Python,Kafka",kafka python,/kwi/items/01f544f3b0ef2194fb68
Python,Python2とPython3の違い（初心者向け）-1,/ty21ky/items/e5ce2fd04c2ef07955a1
"Python,統計",pythonでヒストグラム作成,/klklklkl063055/items/b1e83775a64735e4d1b5
Python,【Python】myPythonHacks,/HirotakaK/items/c34b7f880f88849ab113
"Python,AI",データ分析Pythonオレオレチートシート,/k_kinoshita0104/items/9c0b0d20d14e6241184e
"Python,pickle",【Python】pickle読み書き,/Qiitaman/items/ce7519798a3c6b6e0e8d
Python,Python基礎講座(2 Pythonのインストール),/Usek/items/1acf10f7e302810463a9
